{
  "level": "A4",
  "scroll": "A4.1",
  "timeLimitSeconds": 180,
  "rounds": [
    {
      "items": [
        {
          "id": 1,
          "top": 48,
          "bottom": 27
        },
        {
          "id": 2,
          "top": 63,
          "bottom": 49
        },
        {
          "id": 3,
          "top": 84,
          "bottom": 28
        },
        {
          "id": 4,
          "top": 76,
          "bottom": 37
        },
        {
          "id": 5,
          "top": 59,
          "bottom": 46
        }
      ]
    },
    {
      "items": [
        {
          "id": 6,
          "top": 92,
          "bottom": 19
        },
        {
          "id": 7,
          "top": 34,
          "bottom": 68
        },
        {
          "id": 8,
          "top": 57,
          "bottom": 35
        },
        {
          "id": 9,
          "top": 71,
          "bottom": 29
        },
        {
          "id": 10,
          "top": 88,
          "bottom": 17
        }
      ]
    },
    {
      "items": [
        {
          "id": 11,
          "top": 46,
          "bottom": 39
        },
        {
          "id": 12,
          "top": 67,
          "bottom": 28
        },
        {
          "id": 13,
          "top": 58,
          "bottom": 26
        },
        {
          "id": 14,
          "top": 75,
          "bottom": 47
        },
        {
          "id": 15,
          "top": 82,
          "bottom": 33
        }
      ]
    },
    {
      "items": [
        {
          "id": 16,
          "top": 69,
          "bottom": 44
        },
        {
          "id": 17,
          "top": 53,
          "bottom": 29
        },
        {
          "id": 18,
          "top": 66,
          "bottom": 25
        },
        {
          "id": 19,
          "top": 91,
          "bottom": 36
        },
        {
          "id": 20,
          "top": 79,
          "bottom": 48
        }
      ]
    }
  ]
}